--
-- PostgreSQL database dump
--

-- Dumped from database version 14.10
-- Dumped by pg_dump version 14.10

SET statement_timeout = 0;
SET lock_timeout = 0;
SET idle_in_transaction_session_timeout = 0;
SET client_encoding = 'UTF8';
SET standard_conforming_strings = on;
SELECT pg_catalog.set_config('search_path', '', false);
SET check_function_bodies = false;
SET xmloption = content;
SET client_min_messages = warning;
SET row_security = off;

SET default_tablespace = '';

SET default_table_access_method = heap;

--
-- Name: auth_group; Type: TABLE; Schema: public; Owner: postgres
--

CREATE TABLE public.auth_group (
    id integer NOT NULL,
    name character varying(150) NOT NULL
);


ALTER TABLE public.auth_group OWNER TO postgres;

--
-- Name: auth_group_id_seq; Type: SEQUENCE; Schema: public; Owner: postgres
--

ALTER TABLE public.auth_group ALTER COLUMN id ADD GENERATED BY DEFAULT AS IDENTITY (
    SEQUENCE NAME public.auth_group_id_seq
    START WITH 1
    INCREMENT BY 1
    NO MINVALUE
    NO MAXVALUE
    CACHE 1
);


--
-- Name: auth_group_permissions; Type: TABLE; Schema: public; Owner: postgres
--

CREATE TABLE public.auth_group_permissions (
    id bigint NOT NULL,
    group_id integer NOT NULL,
    permission_id integer NOT NULL
);


ALTER TABLE public.auth_group_permissions OWNER TO postgres;

--
-- Name: auth_group_permissions_id_seq; Type: SEQUENCE; Schema: public; Owner: postgres
--

ALTER TABLE public.auth_group_permissions ALTER COLUMN id ADD GENERATED BY DEFAULT AS IDENTITY (
    SEQUENCE NAME public.auth_group_permissions_id_seq
    START WITH 1
    INCREMENT BY 1
    NO MINVALUE
    NO MAXVALUE
    CACHE 1
);


--
-- Name: auth_permission; Type: TABLE; Schema: public; Owner: postgres
--

CREATE TABLE public.auth_permission (
    id integer NOT NULL,
    name character varying(255) NOT NULL,
    content_type_id integer NOT NULL,
    codename character varying(100) NOT NULL
);


ALTER TABLE public.auth_permission OWNER TO postgres;

--
-- Name: auth_permission_id_seq; Type: SEQUENCE; Schema: public; Owner: postgres
--

ALTER TABLE public.auth_permission ALTER COLUMN id ADD GENERATED BY DEFAULT AS IDENTITY (
    SEQUENCE NAME public.auth_permission_id_seq
    START WITH 1
    INCREMENT BY 1
    NO MINVALUE
    NO MAXVALUE
    CACHE 1
);


--
-- Name: auth_user; Type: TABLE; Schema: public; Owner: postgres
--

CREATE TABLE public.auth_user (
    id integer NOT NULL,
    password character varying(128) NOT NULL,
    last_login timestamp with time zone,
    is_superuser boolean NOT NULL,
    username character varying(150) NOT NULL,
    first_name character varying(150) NOT NULL,
    last_name character varying(150) NOT NULL,
    email character varying(254) NOT NULL,
    is_staff boolean NOT NULL,
    is_active boolean NOT NULL,
    date_joined timestamp with time zone NOT NULL
);


ALTER TABLE public.auth_user OWNER TO postgres;

--
-- Name: auth_user_groups; Type: TABLE; Schema: public; Owner: postgres
--

CREATE TABLE public.auth_user_groups (
    id bigint NOT NULL,
    user_id integer NOT NULL,
    group_id integer NOT NULL
);


ALTER TABLE public.auth_user_groups OWNER TO postgres;

--
-- Name: auth_user_groups_id_seq; Type: SEQUENCE; Schema: public; Owner: postgres
--

ALTER TABLE public.auth_user_groups ALTER COLUMN id ADD GENERATED BY DEFAULT AS IDENTITY (
    SEQUENCE NAME public.auth_user_groups_id_seq
    START WITH 1
    INCREMENT BY 1
    NO MINVALUE
    NO MAXVALUE
    CACHE 1
);


--
-- Name: auth_user_id_seq; Type: SEQUENCE; Schema: public; Owner: postgres
--

ALTER TABLE public.auth_user ALTER COLUMN id ADD GENERATED BY DEFAULT AS IDENTITY (
    SEQUENCE NAME public.auth_user_id_seq
    START WITH 1
    INCREMENT BY 1
    NO MINVALUE
    NO MAXVALUE
    CACHE 1
);


--
-- Name: auth_user_user_permissions; Type: TABLE; Schema: public; Owner: postgres
--

CREATE TABLE public.auth_user_user_permissions (
    id bigint NOT NULL,
    user_id integer NOT NULL,
    permission_id integer NOT NULL
);


ALTER TABLE public.auth_user_user_permissions OWNER TO postgres;

--
-- Name: auth_user_user_permissions_id_seq; Type: SEQUENCE; Schema: public; Owner: postgres
--

ALTER TABLE public.auth_user_user_permissions ALTER COLUMN id ADD GENERATED BY DEFAULT AS IDENTITY (
    SEQUENCE NAME public.auth_user_user_permissions_id_seq
    START WITH 1
    INCREMENT BY 1
    NO MINVALUE
    NO MAXVALUE
    CACHE 1
);


--
-- Name: chat_categorie_gmail; Type: TABLE; Schema: public; Owner: postgres
--

CREATE TABLE public.chat_categorie_gmail (
    id bigint NOT NULL,
    "Contenu" text
);


ALTER TABLE public.chat_categorie_gmail OWNER TO postgres;

--
-- Name: chat_categorie_gmail_id_seq; Type: SEQUENCE; Schema: public; Owner: postgres
--

ALTER TABLE public.chat_categorie_gmail ALTER COLUMN id ADD GENERATED BY DEFAULT AS IDENTITY (
    SEQUENCE NAME public.chat_categorie_gmail_id_seq
    START WITH 1
    INCREMENT BY 1
    NO MINVALUE
    NO MAXVALUE
    CACHE 1
);


--
-- Name: chat_envoyer_message; Type: TABLE; Schema: public; Owner: postgres
--

CREATE TABLE public.chat_envoyer_message (
    id bigint NOT NULL,
    message_id bigint NOT NULL,
    user_id bigint NOT NULL
);


ALTER TABLE public.chat_envoyer_message OWNER TO postgres;

--
-- Name: chat_envoyer_message_id_seq; Type: SEQUENCE; Schema: public; Owner: postgres
--

ALTER TABLE public.chat_envoyer_message ALTER COLUMN id ADD GENERATED BY DEFAULT AS IDENTITY (
    SEQUENCE NAME public.chat_envoyer_message_id_seq
    START WITH 1
    INCREMENT BY 1
    NO MINVALUE
    NO MAXVALUE
    CACHE 1
);


--
-- Name: chat_gmail_compte; Type: TABLE; Schema: public; Owner: postgres
--

CREATE TABLE public.chat_gmail_compte (
    id bigint NOT NULL,
    username character varying(50) NOT NULL,
    email character varying(255) NOT NULL,
    date_cration timestamp with time zone
);


ALTER TABLE public.chat_gmail_compte OWNER TO postgres;

--
-- Name: chat_gmail_compte_id_seq; Type: SEQUENCE; Schema: public; Owner: postgres
--

ALTER TABLE public.chat_gmail_compte ALTER COLUMN id ADD GENERATED BY DEFAULT AS IDENTITY (
    SEQUENCE NAME public.chat_gmail_compte_id_seq
    START WITH 1
    INCREMENT BY 1
    NO MINVALUE
    NO MAXVALUE
    CACHE 1
);


--
-- Name: chat_gmail_message; Type: TABLE; Schema: public; Owner: postgres
--

CREATE TABLE public.chat_gmail_message (
    id bigint NOT NULL,
    "Contenu" text NOT NULL,
    date timestamp with time zone,
    categorie_id bigint
);


ALTER TABLE public.chat_gmail_message OWNER TO postgres;

--
-- Name: chat_gmail_message_id_seq; Type: SEQUENCE; Schema: public; Owner: postgres
--

ALTER TABLE public.chat_gmail_message ALTER COLUMN id ADD GENERATED BY DEFAULT AS IDENTITY (
    SEQUENCE NAME public.chat_gmail_message_id_seq
    START WITH 1
    INCREMENT BY 1
    NO MINVALUE
    NO MAXVALUE
    CACHE 1
);


--
-- Name: chat_recevoir_message; Type: TABLE; Schema: public; Owner: postgres
--

CREATE TABLE public.chat_recevoir_message (
    id bigint NOT NULL,
    message_id bigint NOT NULL,
    user_id bigint NOT NULL
);


ALTER TABLE public.chat_recevoir_message OWNER TO postgres;

--
-- Name: chat_recevoir_message_id_seq; Type: SEQUENCE; Schema: public; Owner: postgres
--

ALTER TABLE public.chat_recevoir_message ALTER COLUMN id ADD GENERATED BY DEFAULT AS IDENTITY (
    SEQUENCE NAME public.chat_recevoir_message_id_seq
    START WITH 1
    INCREMENT BY 1
    NO MINVALUE
    NO MAXVALUE
    CACHE 1
);


--
-- Name: django_admin_log; Type: TABLE; Schema: public; Owner: postgres
--

CREATE TABLE public.django_admin_log (
    id integer NOT NULL,
    action_time timestamp with time zone NOT NULL,
    object_id text,
    object_repr character varying(200) NOT NULL,
    action_flag smallint NOT NULL,
    change_message text NOT NULL,
    content_type_id integer,
    user_id integer NOT NULL,
    CONSTRAINT django_admin_log_action_flag_check CHECK ((action_flag >= 0))
);


ALTER TABLE public.django_admin_log OWNER TO postgres;

--
-- Name: django_admin_log_id_seq; Type: SEQUENCE; Schema: public; Owner: postgres
--

ALTER TABLE public.django_admin_log ALTER COLUMN id ADD GENERATED BY DEFAULT AS IDENTITY (
    SEQUENCE NAME public.django_admin_log_id_seq
    START WITH 1
    INCREMENT BY 1
    NO MINVALUE
    NO MAXVALUE
    CACHE 1
);


--
-- Name: django_content_type; Type: TABLE; Schema: public; Owner: postgres
--

CREATE TABLE public.django_content_type (
    id integer NOT NULL,
    app_label character varying(100) NOT NULL,
    model character varying(100) NOT NULL
);


ALTER TABLE public.django_content_type OWNER TO postgres;

--
-- Name: django_content_type_id_seq; Type: SEQUENCE; Schema: public; Owner: postgres
--

ALTER TABLE public.django_content_type ALTER COLUMN id ADD GENERATED BY DEFAULT AS IDENTITY (
    SEQUENCE NAME public.django_content_type_id_seq
    START WITH 1
    INCREMENT BY 1
    NO MINVALUE
    NO MAXVALUE
    CACHE 1
);


--
-- Name: django_migrations; Type: TABLE; Schema: public; Owner: postgres
--

CREATE TABLE public.django_migrations (
    id bigint NOT NULL,
    app character varying(255) NOT NULL,
    name character varying(255) NOT NULL,
    applied timestamp with time zone NOT NULL
);


ALTER TABLE public.django_migrations OWNER TO postgres;

--
-- Name: django_migrations_id_seq; Type: SEQUENCE; Schema: public; Owner: postgres
--

ALTER TABLE public.django_migrations ALTER COLUMN id ADD GENERATED BY DEFAULT AS IDENTITY (
    SEQUENCE NAME public.django_migrations_id_seq
    START WITH 1
    INCREMENT BY 1
    NO MINVALUE
    NO MAXVALUE
    CACHE 1
);


--
-- Name: django_session; Type: TABLE; Schema: public; Owner: postgres
--

CREATE TABLE public.django_session (
    session_key character varying(40) NOT NULL,
    session_data text NOT NULL,
    expire_date timestamp with time zone NOT NULL
);


ALTER TABLE public.django_session OWNER TO postgres;

--
-- Data for Name: auth_group; Type: TABLE DATA; Schema: public; Owner: postgres
--

COPY public.auth_group (id, name) FROM stdin;
\.


--
-- Data for Name: auth_group_permissions; Type: TABLE DATA; Schema: public; Owner: postgres
--

COPY public.auth_group_permissions (id, group_id, permission_id) FROM stdin;
\.


--
-- Data for Name: auth_permission; Type: TABLE DATA; Schema: public; Owner: postgres
--

COPY public.auth_permission (id, name, content_type_id, codename) FROM stdin;
1	Can add log entry	1	add_logentry
2	Can change log entry	1	change_logentry
3	Can delete log entry	1	delete_logentry
4	Can view log entry	1	view_logentry
5	Can add permission	2	add_permission
6	Can change permission	2	change_permission
7	Can delete permission	2	delete_permission
8	Can view permission	2	view_permission
9	Can add group	3	add_group
10	Can change group	3	change_group
11	Can delete group	3	delete_group
12	Can view group	3	view_group
13	Can add user	4	add_user
14	Can change user	4	change_user
15	Can delete user	4	delete_user
16	Can view user	4	view_user
17	Can add content type	5	add_contenttype
18	Can change content type	5	change_contenttype
19	Can delete content type	5	delete_contenttype
20	Can view content type	5	view_contenttype
21	Can add session	6	add_session
22	Can change session	6	change_session
23	Can delete session	6	delete_session
24	Can view session	6	view_session
25	Can add gmail_compte	7	add_gmail_compte
26	Can change gmail_compte	7	change_gmail_compte
27	Can delete gmail_compte	7	delete_gmail_compte
28	Can view gmail_compte	7	view_gmail_compte
29	Can add gmail_ message	8	add_gmail_message
30	Can change gmail_ message	8	change_gmail_message
31	Can delete gmail_ message	8	delete_gmail_message
32	Can view gmail_ message	8	view_gmail_message
33	Can add recevoir_ message	9	add_recevoir_message
34	Can change recevoir_ message	9	change_recevoir_message
35	Can delete recevoir_ message	9	delete_recevoir_message
36	Can view recevoir_ message	9	view_recevoir_message
37	Can add envoyer_ message	10	add_envoyer_message
38	Can change envoyer_ message	10	change_envoyer_message
39	Can delete envoyer_ message	10	delete_envoyer_message
40	Can view envoyer_ message	10	view_envoyer_message
41	Can add categorie_ gmail	11	add_categorie_gmail
42	Can change categorie_ gmail	11	change_categorie_gmail
43	Can delete categorie_ gmail	11	delete_categorie_gmail
44	Can view categorie_ gmail	11	view_categorie_gmail
\.


--
-- Data for Name: auth_user; Type: TABLE DATA; Schema: public; Owner: postgres
--

COPY public.auth_user (id, password, last_login, is_superuser, username, first_name, last_name, email, is_staff, is_active, date_joined) FROM stdin;
1	pbkdf2_sha256$720000$S4ED0PtLbLQOlg2Q2CKe3y$qBR2VeeIOODOy+UK5KxYIxSlGVhUPuz/dY4rvy+vOx0=	2024-08-19 19:01:26.49714+02	t	nateh			nateh@gmail.com	t	t	2024-08-16 16:27:20.470088+02
\.


--
-- Data for Name: auth_user_groups; Type: TABLE DATA; Schema: public; Owner: postgres
--

COPY public.auth_user_groups (id, user_id, group_id) FROM stdin;
\.


--
-- Data for Name: auth_user_user_permissions; Type: TABLE DATA; Schema: public; Owner: postgres
--

COPY public.auth_user_user_permissions (id, user_id, permission_id) FROM stdin;
\.


--
-- Data for Name: chat_categorie_gmail; Type: TABLE DATA; Schema: public; Owner: postgres
--

COPY public.chat_categorie_gmail (id, "Contenu") FROM stdin;
1	spam
2	ham
\.


--
-- Data for Name: chat_envoyer_message; Type: TABLE DATA; Schema: public; Owner: postgres
--

COPY public.chat_envoyer_message (id, message_id, user_id) FROM stdin;
17	17	2
18	18	1
19	19	2
20	20	1
\.


--
-- Data for Name: chat_gmail_compte; Type: TABLE DATA; Schema: public; Owner: postgres
--

COPY public.chat_gmail_compte (id, username, email, date_cration) FROM stdin;
1	Savaka Lucien	savakalucien@gmail.com	2024-08-16 16:16:54.842823+02
2	Doe	doe@gmail.com	2024-08-16 16:17:55.951072+02
3	Fy	fy@gmail.com	2024-08-16 20:41:58.859869+02
5	test	test@gmail.com	2024-08-19 20:30:23.741721+02
6	blabla	blabla@gmail.com	2024-08-19 21:12:25.955245+02
\.


--
-- Data for Name: chat_gmail_message; Type: TABLE DATA; Schema: public; Owner: postgres
--

COPY public.chat_gmail_message (id, "Contenu", date, categorie_id) FROM stdin;
18	salama, ity ilay mailaka afaka iresahanao amiko raha misy avatra tianao anontaniana.	2024-08-18 10:44:45.153204+02	1
17	salama, ity ilay mailaka afaka iresahanao amiko raha misy avatra tianao anontaniana.	2024-08-18 10:43:45.965575+02	1
19	salama, ity ilay mailaka afaka iresahanao amiko raha misy avatra tianao anontaniana.	2024-08-18 10:45:42.255974+02	2
20	salama, ity ilay mailaka afaka iresahanao amiko raha misy avatra tianao anontaniana.	2024-08-18 10:45:48.871689+02	2
\.


--
-- Data for Name: chat_recevoir_message; Type: TABLE DATA; Schema: public; Owner: postgres
--

COPY public.chat_recevoir_message (id, message_id, user_id) FROM stdin;
17	17	1
18	18	2
19	19	1
20	20	2
\.


--
-- Data for Name: django_admin_log; Type: TABLE DATA; Schema: public; Owner: postgres
--

COPY public.django_admin_log (id, action_time, object_id, object_repr, action_flag, change_message, content_type_id, user_id) FROM stdin;
1	2024-08-16 16:40:07.933527+02	1	Categorie_Gmail object (1)	1	[{"added": {}}]	11	1
2	2024-08-16 16:40:22.267227+02	2	Categorie_Gmail object (2)	1	[{"added": {}}]	11	1
3	2024-08-18 10:05:56.086634+02	3	Categorie_Gmail object (3)	3		11	1
4	2024-08-18 10:07:34.732853+02	4	Categorie_Gmail object (4)	3		11	1
5	2024-08-18 10:41:32.579389+02	16	Recevoir_Message object (16)	3		9	1
6	2024-08-18 10:41:32.779954+02	15	Recevoir_Message object (15)	3		9	1
7	2024-08-18 10:41:32.899427+02	14	Recevoir_Message object (14)	3		9	1
8	2024-08-18 10:41:33.013269+02	13	Recevoir_Message object (13)	3		9	1
9	2024-08-18 10:41:33.114852+02	12	Recevoir_Message object (12)	3		9	1
10	2024-08-18 10:41:33.255635+02	11	Recevoir_Message object (11)	3		9	1
11	2024-08-18 10:41:33.377653+02	8	Recevoir_Message object (8)	3		9	1
12	2024-08-18 10:41:33.476018+02	7	Recevoir_Message object (7)	3		9	1
13	2024-08-18 10:41:33.479349+02	6	Recevoir_Message object (6)	3		9	1
14	2024-08-18 10:41:33.922181+02	5	Recevoir_Message object (5)	3		9	1
15	2024-08-18 10:41:34.174455+02	4	Recevoir_Message object (4)	3		9	1
16	2024-08-18 10:41:34.178674+02	3	Recevoir_Message object (3)	3		9	1
17	2024-08-18 10:41:34.30188+02	2	Recevoir_Message object (2)	3		9	1
18	2024-08-18 10:41:34.631104+02	1	Recevoir_Message object (1)	3		9	1
19	2024-08-18 10:41:44.960192+02	16	Envoyer_Message object (16)	3		10	1
20	2024-08-18 10:41:46.271008+02	15	Envoyer_Message object (15)	3		10	1
21	2024-08-18 10:41:46.277005+02	14	Envoyer_Message object (14)	3		10	1
22	2024-08-18 10:41:47.360195+02	13	Envoyer_Message object (13)	3		10	1
23	2024-08-18 10:41:49.880768+02	12	Envoyer_Message object (12)	3		10	1
24	2024-08-18 10:41:49.884743+02	11	Envoyer_Message object (11)	3		10	1
25	2024-08-18 10:41:49.88948+02	8	Envoyer_Message object (8)	3		10	1
26	2024-08-18 10:41:50.871713+02	7	Envoyer_Message object (7)	3		10	1
27	2024-08-18 10:41:51.842579+02	6	Envoyer_Message object (6)	3		10	1
28	2024-08-18 10:41:53.171902+02	5	Envoyer_Message object (5)	3		10	1
29	2024-08-18 10:41:54.761623+02	4	Envoyer_Message object (4)	3		10	1
30	2024-08-18 10:41:54.762644+02	3	Envoyer_Message object (3)	3		10	1
31	2024-08-18 10:41:54.764646+02	2	Envoyer_Message object (2)	3		10	1
32	2024-08-18 10:41:54.765618+02	1	Envoyer_Message object (1)	3		10	1
33	2024-08-18 10:42:09.751943+02	16	Gmail_Message object (16)	3		8	1
34	2024-08-18 10:42:10.272017+02	15	Gmail_Message object (15)	3		8	1
35	2024-08-18 10:42:10.280839+02	14	Gmail_Message object (14)	3		8	1
36	2024-08-18 10:42:11.213494+02	13	Gmail_Message object (13)	3		8	1
37	2024-08-18 10:42:11.87146+02	12	Gmail_Message object (12)	3		8	1
38	2024-08-18 10:42:12.841608+02	11	Gmail_Message object (11)	3		8	1
39	2024-08-18 10:42:14.839207+02	8	Gmail_Message object (8)	3		8	1
40	2024-08-18 10:42:14.842211+02	7	Gmail_Message object (7)	3		8	1
41	2024-08-18 10:42:14.845096+02	6	Gmail_Message object (6)	3		8	1
42	2024-08-18 10:42:14.848629+02	5	Gmail_Message object (5)	3		8	1
43	2024-08-18 10:42:14.852621+02	4	Gmail_Message object (4)	3		8	1
44	2024-08-18 10:42:14.858621+02	3	Gmail_Message object (3)	3		8	1
45	2024-08-18 10:42:15.368883+02	2	Gmail_Message object (2)	3		8	1
46	2024-08-18 10:42:15.529122+02	1	Gmail_Message object (1)	3		8	1
\.


--
-- Data for Name: django_content_type; Type: TABLE DATA; Schema: public; Owner: postgres
--

COPY public.django_content_type (id, app_label, model) FROM stdin;
1	admin	logentry
2	auth	permission
3	auth	group
4	auth	user
5	contenttypes	contenttype
6	sessions	session
7	chat	gmail_compte
8	chat	gmail_message
9	chat	recevoir_message
10	chat	envoyer_message
11	chat	categorie_gmail
\.


--
-- Data for Name: django_migrations; Type: TABLE DATA; Schema: public; Owner: postgres
--

COPY public.django_migrations (id, app, name, applied) FROM stdin;
1	contenttypes	0001_initial	2024-08-16 15:49:04.80797+02
2	auth	0001_initial	2024-08-16 15:49:06.053785+02
3	admin	0001_initial	2024-08-16 15:49:06.583112+02
4	admin	0002_logentry_remove_auto_add	2024-08-16 15:49:06.688697+02
5	admin	0003_logentry_add_action_flag_choices	2024-08-16 15:49:06.752343+02
6	contenttypes	0002_remove_content_type_name	2024-08-16 15:49:07.122513+02
7	auth	0002_alter_permission_name_max_length	2024-08-16 15:49:07.206376+02
8	auth	0003_alter_user_email_max_length	2024-08-16 15:49:07.311958+02
9	auth	0004_alter_user_username_opts	2024-08-16 15:49:07.366663+02
10	auth	0005_alter_user_last_login_null	2024-08-16 15:49:07.385167+02
11	auth	0006_require_contenttypes_0002	2024-08-16 15:49:07.39117+02
12	auth	0007_alter_validators_add_error_messages	2024-08-16 15:49:07.412202+02
13	auth	0008_alter_user_username_max_length	2024-08-16 15:49:07.550802+02
14	auth	0009_alter_user_last_name_max_length	2024-08-16 15:49:07.562993+02
15	auth	0010_alter_group_name_max_length	2024-08-16 15:49:07.588285+02
16	auth	0011_update_proxy_permissions	2024-08-16 15:49:07.611215+02
17	auth	0012_alter_user_first_name_max_length	2024-08-16 15:49:07.631213+02
18	chat	0001_initial	2024-08-16 15:49:08.539745+02
19	sessions	0001_initial	2024-08-16 15:49:08.707444+02
20	chat	0002_categorie_gmail	2024-08-16 16:39:20.10663+02
21	chat	0003_gmail_message_categorie_and_more	2024-08-16 17:04:27.869879+02
22	chat	0004_alter_categorie_gmail_contenu_and_more	2024-08-16 21:31:45.254798+02
\.


--
-- Data for Name: django_session; Type: TABLE DATA; Schema: public; Owner: postgres
--

COPY public.django_session (session_key, session_data, expire_date) FROM stdin;
4e14mu0sezmlnzf62ehr747b2fus5q3z	eyJ1c2VyX2lkIjoyfQ:1sf2gd:yj2QdwKHOW9SKEfrDdXAFHysnpI1pxTtOAEVIoEnuCg	2024-08-30 21:32:35.640471+02
9ulzxuejhkdu7fe9eeo6q3s6ee5rvdqy	eyJ1c2VyX2lkIjoxfQ:1sfGie:p2BC7GDb5YFp8-clTDVKbPLPjJ1FNt-bt9Q9cUoAqmg	2024-08-31 12:31:36.071396+02
bd8wdgoskiu7qs518jsjivl7wbjgbnpg	.eJxVjEEOwiAQRe_C2hBAClOX7j0DmWFGqRpISrsy3l2bdKHb_977L5VwXUpau8xpYnVSVh1-N8L8kLoBvmO9NZ1bXeaJ9KbonXZ9aSzP8-7-HRTs5VsDGetQmCFkdmBHTxaNi8Z4Tx5hCFHCGEGE8DocwRiIzpIQowBGUO8P2JY3zg:1sg5l0:7R6TH6Tk_e_FJWiX5Or4k2DsXApXZSKCGppFip9xM5U	2024-09-02 19:01:26.500141+02
gigbt9y239w8su6xnclo4hznh3pkalfw	eyJ1c2VyX2lkIjo1fQ:1sg7n5:LdSmUMSKlEN992DyvS-okmQXliJjWmEe3t1GA4jUyAU	2024-09-02 21:11:43.109516+02
9ym5s6gyx16h2hlcahv6nhuczc8rgtzv	eyJ1c2VyX2lkIjo1fQ:1sg7wh:QhclmNnC09y0gXu2635zs300mjPelejqGnDaUghPc8g	2024-09-02 21:21:39.737749+02
mteehwxvjoq8bx93ppy26yddlktygr08	eyJ1c2VyX2lkIjoxfQ:1sg8B9:HFg6JiAhcZ3HDDWIPqSx3oTXrCnHmN6EsCldweo1O7w	2024-09-02 21:36:35.646029+02
\.


--
-- Name: auth_group_id_seq; Type: SEQUENCE SET; Schema: public; Owner: postgres
--

SELECT pg_catalog.setval('public.auth_group_id_seq', 1, false);


--
-- Name: auth_group_permissions_id_seq; Type: SEQUENCE SET; Schema: public; Owner: postgres
--

SELECT pg_catalog.setval('public.auth_group_permissions_id_seq', 1, false);


--
-- Name: auth_permission_id_seq; Type: SEQUENCE SET; Schema: public; Owner: postgres
--

SELECT pg_catalog.setval('public.auth_permission_id_seq', 44, true);


--
-- Name: auth_user_groups_id_seq; Type: SEQUENCE SET; Schema: public; Owner: postgres
--

SELECT pg_catalog.setval('public.auth_user_groups_id_seq', 1, false);


--
-- Name: auth_user_id_seq; Type: SEQUENCE SET; Schema: public; Owner: postgres
--

SELECT pg_catalog.setval('public.auth_user_id_seq', 1, true);


--
-- Name: auth_user_user_permissions_id_seq; Type: SEQUENCE SET; Schema: public; Owner: postgres
--

SELECT pg_catalog.setval('public.auth_user_user_permissions_id_seq', 1, false);


--
-- Name: chat_categorie_gmail_id_seq; Type: SEQUENCE SET; Schema: public; Owner: postgres
--

SELECT pg_catalog.setval('public.chat_categorie_gmail_id_seq', 4, true);


--
-- Name: chat_envoyer_message_id_seq; Type: SEQUENCE SET; Schema: public; Owner: postgres
--

SELECT pg_catalog.setval('public.chat_envoyer_message_id_seq', 20, true);


--
-- Name: chat_gmail_compte_id_seq; Type: SEQUENCE SET; Schema: public; Owner: postgres
--

SELECT pg_catalog.setval('public.chat_gmail_compte_id_seq', 6, true);


--
-- Name: chat_gmail_message_id_seq; Type: SEQUENCE SET; Schema: public; Owner: postgres
--

SELECT pg_catalog.setval('public.chat_gmail_message_id_seq', 20, true);


--
-- Name: chat_recevoir_message_id_seq; Type: SEQUENCE SET; Schema: public; Owner: postgres
--

SELECT pg_catalog.setval('public.chat_recevoir_message_id_seq', 20, true);


--
-- Name: django_admin_log_id_seq; Type: SEQUENCE SET; Schema: public; Owner: postgres
--

SELECT pg_catalog.setval('public.django_admin_log_id_seq', 46, true);


--
-- Name: django_content_type_id_seq; Type: SEQUENCE SET; Schema: public; Owner: postgres
--

SELECT pg_catalog.setval('public.django_content_type_id_seq', 11, true);


--
-- Name: django_migrations_id_seq; Type: SEQUENCE SET; Schema: public; Owner: postgres
--

SELECT pg_catalog.setval('public.django_migrations_id_seq', 22, true);


--
-- Name: auth_group auth_group_name_key; Type: CONSTRAINT; Schema: public; Owner: postgres
--

ALTER TABLE ONLY public.auth_group
    ADD CONSTRAINT auth_group_name_key UNIQUE (name);


--
-- Name: auth_group_permissions auth_group_permissions_group_id_permission_id_0cd325b0_uniq; Type: CONSTRAINT; Schema: public; Owner: postgres
--

ALTER TABLE ONLY public.auth_group_permissions
    ADD CONSTRAINT auth_group_permissions_group_id_permission_id_0cd325b0_uniq UNIQUE (group_id, permission_id);


--
-- Name: auth_group_permissions auth_group_permissions_pkey; Type: CONSTRAINT; Schema: public; Owner: postgres
--

ALTER TABLE ONLY public.auth_group_permissions
    ADD CONSTRAINT auth_group_permissions_pkey PRIMARY KEY (id);


--
-- Name: auth_group auth_group_pkey; Type: CONSTRAINT; Schema: public; Owner: postgres
--

ALTER TABLE ONLY public.auth_group
    ADD CONSTRAINT auth_group_pkey PRIMARY KEY (id);


--
-- Name: auth_permission auth_permission_content_type_id_codename_01ab375a_uniq; Type: CONSTRAINT; Schema: public; Owner: postgres
--

ALTER TABLE ONLY public.auth_permission
    ADD CONSTRAINT auth_permission_content_type_id_codename_01ab375a_uniq UNIQUE (content_type_id, codename);


--
-- Name: auth_permission auth_permission_pkey; Type: CONSTRAINT; Schema: public; Owner: postgres
--

ALTER TABLE ONLY public.auth_permission
    ADD CONSTRAINT auth_permission_pkey PRIMARY KEY (id);


--
-- Name: auth_user_groups auth_user_groups_pkey; Type: CONSTRAINT; Schema: public; Owner: postgres
--

ALTER TABLE ONLY public.auth_user_groups
    ADD CONSTRAINT auth_user_groups_pkey PRIMARY KEY (id);


--
-- Name: auth_user_groups auth_user_groups_user_id_group_id_94350c0c_uniq; Type: CONSTRAINT; Schema: public; Owner: postgres
--

ALTER TABLE ONLY public.auth_user_groups
    ADD CONSTRAINT auth_user_groups_user_id_group_id_94350c0c_uniq UNIQUE (user_id, group_id);


--
-- Name: auth_user auth_user_pkey; Type: CONSTRAINT; Schema: public; Owner: postgres
--

ALTER TABLE ONLY public.auth_user
    ADD CONSTRAINT auth_user_pkey PRIMARY KEY (id);


--
-- Name: auth_user_user_permissions auth_user_user_permissions_pkey; Type: CONSTRAINT; Schema: public; Owner: postgres
--

ALTER TABLE ONLY public.auth_user_user_permissions
    ADD CONSTRAINT auth_user_user_permissions_pkey PRIMARY KEY (id);


--
-- Name: auth_user_user_permissions auth_user_user_permissions_user_id_permission_id_14a6b632_uniq; Type: CONSTRAINT; Schema: public; Owner: postgres
--

ALTER TABLE ONLY public.auth_user_user_permissions
    ADD CONSTRAINT auth_user_user_permissions_user_id_permission_id_14a6b632_uniq UNIQUE (user_id, permission_id);


--
-- Name: auth_user auth_user_username_key; Type: CONSTRAINT; Schema: public; Owner: postgres
--

ALTER TABLE ONLY public.auth_user
    ADD CONSTRAINT auth_user_username_key UNIQUE (username);


--
-- Name: chat_categorie_gmail chat_categorie_gmail_Contenu_49525ee8_uniq; Type: CONSTRAINT; Schema: public; Owner: postgres
--

ALTER TABLE ONLY public.chat_categorie_gmail
    ADD CONSTRAINT "chat_categorie_gmail_Contenu_49525ee8_uniq" UNIQUE ("Contenu");


--
-- Name: chat_categorie_gmail chat_categorie_gmail_pkey; Type: CONSTRAINT; Schema: public; Owner: postgres
--

ALTER TABLE ONLY public.chat_categorie_gmail
    ADD CONSTRAINT chat_categorie_gmail_pkey PRIMARY KEY (id);


--
-- Name: chat_envoyer_message chat_envoyer_message_pkey; Type: CONSTRAINT; Schema: public; Owner: postgres
--

ALTER TABLE ONLY public.chat_envoyer_message
    ADD CONSTRAINT chat_envoyer_message_pkey PRIMARY KEY (id);


--
-- Name: chat_gmail_compte chat_gmail_compte_email_key; Type: CONSTRAINT; Schema: public; Owner: postgres
--

ALTER TABLE ONLY public.chat_gmail_compte
    ADD CONSTRAINT chat_gmail_compte_email_key UNIQUE (email);


--
-- Name: chat_gmail_compte chat_gmail_compte_pkey; Type: CONSTRAINT; Schema: public; Owner: postgres
--

ALTER TABLE ONLY public.chat_gmail_compte
    ADD CONSTRAINT chat_gmail_compte_pkey PRIMARY KEY (id);


--
-- Name: chat_gmail_message chat_gmail_message_pkey; Type: CONSTRAINT; Schema: public; Owner: postgres
--

ALTER TABLE ONLY public.chat_gmail_message
    ADD CONSTRAINT chat_gmail_message_pkey PRIMARY KEY (id);


--
-- Name: chat_recevoir_message chat_recevoir_message_pkey; Type: CONSTRAINT; Schema: public; Owner: postgres
--

ALTER TABLE ONLY public.chat_recevoir_message
    ADD CONSTRAINT chat_recevoir_message_pkey PRIMARY KEY (id);


--
-- Name: django_admin_log django_admin_log_pkey; Type: CONSTRAINT; Schema: public; Owner: postgres
--

ALTER TABLE ONLY public.django_admin_log
    ADD CONSTRAINT django_admin_log_pkey PRIMARY KEY (id);


--
-- Name: django_content_type django_content_type_app_label_model_76bd3d3b_uniq; Type: CONSTRAINT; Schema: public; Owner: postgres
--

ALTER TABLE ONLY public.django_content_type
    ADD CONSTRAINT django_content_type_app_label_model_76bd3d3b_uniq UNIQUE (app_label, model);


--
-- Name: django_content_type django_content_type_pkey; Type: CONSTRAINT; Schema: public; Owner: postgres
--

ALTER TABLE ONLY public.django_content_type
    ADD CONSTRAINT django_content_type_pkey PRIMARY KEY (id);


--
-- Name: django_migrations django_migrations_pkey; Type: CONSTRAINT; Schema: public; Owner: postgres
--

ALTER TABLE ONLY public.django_migrations
    ADD CONSTRAINT django_migrations_pkey PRIMARY KEY (id);


--
-- Name: django_session django_session_pkey; Type: CONSTRAINT; Schema: public; Owner: postgres
--

ALTER TABLE ONLY public.django_session
    ADD CONSTRAINT django_session_pkey PRIMARY KEY (session_key);


--
-- Name: auth_group_name_a6ea08ec_like; Type: INDEX; Schema: public; Owner: postgres
--

CREATE INDEX auth_group_name_a6ea08ec_like ON public.auth_group USING btree (name varchar_pattern_ops);


--
-- Name: auth_group_permissions_group_id_b120cbf9; Type: INDEX; Schema: public; Owner: postgres
--

CREATE INDEX auth_group_permissions_group_id_b120cbf9 ON public.auth_group_permissions USING btree (group_id);


--
-- Name: auth_group_permissions_permission_id_84c5c92e; Type: INDEX; Schema: public; Owner: postgres
--

CREATE INDEX auth_group_permissions_permission_id_84c5c92e ON public.auth_group_permissions USING btree (permission_id);


--
-- Name: auth_permission_content_type_id_2f476e4b; Type: INDEX; Schema: public; Owner: postgres
--

CREATE INDEX auth_permission_content_type_id_2f476e4b ON public.auth_permission USING btree (content_type_id);


--
-- Name: auth_user_groups_group_id_97559544; Type: INDEX; Schema: public; Owner: postgres
--

CREATE INDEX auth_user_groups_group_id_97559544 ON public.auth_user_groups USING btree (group_id);


--
-- Name: auth_user_groups_user_id_6a12ed8b; Type: INDEX; Schema: public; Owner: postgres
--

CREATE INDEX auth_user_groups_user_id_6a12ed8b ON public.auth_user_groups USING btree (user_id);


--
-- Name: auth_user_user_permissions_permission_id_1fbb5f2c; Type: INDEX; Schema: public; Owner: postgres
--

CREATE INDEX auth_user_user_permissions_permission_id_1fbb5f2c ON public.auth_user_user_permissions USING btree (permission_id);


--
-- Name: auth_user_user_permissions_user_id_a95ead1b; Type: INDEX; Schema: public; Owner: postgres
--

CREATE INDEX auth_user_user_permissions_user_id_a95ead1b ON public.auth_user_user_permissions USING btree (user_id);


--
-- Name: auth_user_username_6821ab7c_like; Type: INDEX; Schema: public; Owner: postgres
--

CREATE INDEX auth_user_username_6821ab7c_like ON public.auth_user USING btree (username varchar_pattern_ops);


--
-- Name: chat_categorie_gmail_Contenu_49525ee8_like; Type: INDEX; Schema: public; Owner: postgres
--

CREATE INDEX "chat_categorie_gmail_Contenu_49525ee8_like" ON public.chat_categorie_gmail USING btree ("Contenu" text_pattern_ops);


--
-- Name: chat_envoyer_message_message_id_3cafc623; Type: INDEX; Schema: public; Owner: postgres
--

CREATE INDEX chat_envoyer_message_message_id_3cafc623 ON public.chat_envoyer_message USING btree (message_id);


--
-- Name: chat_envoyer_message_user_id_b7e50275; Type: INDEX; Schema: public; Owner: postgres
--

CREATE INDEX chat_envoyer_message_user_id_b7e50275 ON public.chat_envoyer_message USING btree (user_id);


--
-- Name: chat_gmail_compte_email_5c6b4e91_like; Type: INDEX; Schema: public; Owner: postgres
--

CREATE INDEX chat_gmail_compte_email_5c6b4e91_like ON public.chat_gmail_compte USING btree (email varchar_pattern_ops);


--
-- Name: chat_gmail_message_categorie_id_99d37e2a; Type: INDEX; Schema: public; Owner: postgres
--

CREATE INDEX chat_gmail_message_categorie_id_99d37e2a ON public.chat_gmail_message USING btree (categorie_id);


--
-- Name: chat_recevoir_message_message_id_04106fa4; Type: INDEX; Schema: public; Owner: postgres
--

CREATE INDEX chat_recevoir_message_message_id_04106fa4 ON public.chat_recevoir_message USING btree (message_id);


--
-- Name: chat_recevoir_message_user_id_996b108b; Type: INDEX; Schema: public; Owner: postgres
--

CREATE INDEX chat_recevoir_message_user_id_996b108b ON public.chat_recevoir_message USING btree (user_id);


--
-- Name: django_admin_log_content_type_id_c4bce8eb; Type: INDEX; Schema: public; Owner: postgres
--

CREATE INDEX django_admin_log_content_type_id_c4bce8eb ON public.django_admin_log USING btree (content_type_id);


--
-- Name: django_admin_log_user_id_c564eba6; Type: INDEX; Schema: public; Owner: postgres
--

CREATE INDEX django_admin_log_user_id_c564eba6 ON public.django_admin_log USING btree (user_id);


--
-- Name: django_session_expire_date_a5c62663; Type: INDEX; Schema: public; Owner: postgres
--

CREATE INDEX django_session_expire_date_a5c62663 ON public.django_session USING btree (expire_date);


--
-- Name: django_session_session_key_c0390e0f_like; Type: INDEX; Schema: public; Owner: postgres
--

CREATE INDEX django_session_session_key_c0390e0f_like ON public.django_session USING btree (session_key varchar_pattern_ops);


--
-- Name: auth_group_permissions auth_group_permissio_permission_id_84c5c92e_fk_auth_perm; Type: FK CONSTRAINT; Schema: public; Owner: postgres
--

ALTER TABLE ONLY public.auth_group_permissions
    ADD CONSTRAINT auth_group_permissio_permission_id_84c5c92e_fk_auth_perm FOREIGN KEY (permission_id) REFERENCES public.auth_permission(id) DEFERRABLE INITIALLY DEFERRED;


--
-- Name: auth_group_permissions auth_group_permissions_group_id_b120cbf9_fk_auth_group_id; Type: FK CONSTRAINT; Schema: public; Owner: postgres
--

ALTER TABLE ONLY public.auth_group_permissions
    ADD CONSTRAINT auth_group_permissions_group_id_b120cbf9_fk_auth_group_id FOREIGN KEY (group_id) REFERENCES public.auth_group(id) DEFERRABLE INITIALLY DEFERRED;


--
-- Name: auth_permission auth_permission_content_type_id_2f476e4b_fk_django_co; Type: FK CONSTRAINT; Schema: public; Owner: postgres
--

ALTER TABLE ONLY public.auth_permission
    ADD CONSTRAINT auth_permission_content_type_id_2f476e4b_fk_django_co FOREIGN KEY (content_type_id) REFERENCES public.django_content_type(id) DEFERRABLE INITIALLY DEFERRED;


--
-- Name: auth_user_groups auth_user_groups_group_id_97559544_fk_auth_group_id; Type: FK CONSTRAINT; Schema: public; Owner: postgres
--

ALTER TABLE ONLY public.auth_user_groups
    ADD CONSTRAINT auth_user_groups_group_id_97559544_fk_auth_group_id FOREIGN KEY (group_id) REFERENCES public.auth_group(id) DEFERRABLE INITIALLY DEFERRED;


--
-- Name: auth_user_groups auth_user_groups_user_id_6a12ed8b_fk_auth_user_id; Type: FK CONSTRAINT; Schema: public; Owner: postgres
--

ALTER TABLE ONLY public.auth_user_groups
    ADD CONSTRAINT auth_user_groups_user_id_6a12ed8b_fk_auth_user_id FOREIGN KEY (user_id) REFERENCES public.auth_user(id) DEFERRABLE INITIALLY DEFERRED;


--
-- Name: auth_user_user_permissions auth_user_user_permi_permission_id_1fbb5f2c_fk_auth_perm; Type: FK CONSTRAINT; Schema: public; Owner: postgres
--

ALTER TABLE ONLY public.auth_user_user_permissions
    ADD CONSTRAINT auth_user_user_permi_permission_id_1fbb5f2c_fk_auth_perm FOREIGN KEY (permission_id) REFERENCES public.auth_permission(id) DEFERRABLE INITIALLY DEFERRED;


--
-- Name: auth_user_user_permissions auth_user_user_permissions_user_id_a95ead1b_fk_auth_user_id; Type: FK CONSTRAINT; Schema: public; Owner: postgres
--

ALTER TABLE ONLY public.auth_user_user_permissions
    ADD CONSTRAINT auth_user_user_permissions_user_id_a95ead1b_fk_auth_user_id FOREIGN KEY (user_id) REFERENCES public.auth_user(id) DEFERRABLE INITIALLY DEFERRED;


--
-- Name: chat_envoyer_message chat_envoyer_message_message_id_3cafc623_fk_chat_gmai; Type: FK CONSTRAINT; Schema: public; Owner: postgres
--

ALTER TABLE ONLY public.chat_envoyer_message
    ADD CONSTRAINT chat_envoyer_message_message_id_3cafc623_fk_chat_gmai FOREIGN KEY (message_id) REFERENCES public.chat_gmail_message(id) DEFERRABLE INITIALLY DEFERRED;


--
-- Name: chat_envoyer_message chat_envoyer_message_user_id_b7e50275_fk_chat_gmail_compte_id; Type: FK CONSTRAINT; Schema: public; Owner: postgres
--

ALTER TABLE ONLY public.chat_envoyer_message
    ADD CONSTRAINT chat_envoyer_message_user_id_b7e50275_fk_chat_gmail_compte_id FOREIGN KEY (user_id) REFERENCES public.chat_gmail_compte(id) DEFERRABLE INITIALLY DEFERRED;


--
-- Name: chat_gmail_message chat_gmail_message_categorie_id_99d37e2a_fk_chat_cate; Type: FK CONSTRAINT; Schema: public; Owner: postgres
--

ALTER TABLE ONLY public.chat_gmail_message
    ADD CONSTRAINT chat_gmail_message_categorie_id_99d37e2a_fk_chat_cate FOREIGN KEY (categorie_id) REFERENCES public.chat_categorie_gmail(id) DEFERRABLE INITIALLY DEFERRED;


--
-- Name: chat_recevoir_message chat_recevoir_messag_message_id_04106fa4_fk_chat_gmai; Type: FK CONSTRAINT; Schema: public; Owner: postgres
--

ALTER TABLE ONLY public.chat_recevoir_message
    ADD CONSTRAINT chat_recevoir_messag_message_id_04106fa4_fk_chat_gmai FOREIGN KEY (message_id) REFERENCES public.chat_gmail_message(id) DEFERRABLE INITIALLY DEFERRED;


--
-- Name: chat_recevoir_message chat_recevoir_message_user_id_996b108b_fk_chat_gmail_compte_id; Type: FK CONSTRAINT; Schema: public; Owner: postgres
--

ALTER TABLE ONLY public.chat_recevoir_message
    ADD CONSTRAINT chat_recevoir_message_user_id_996b108b_fk_chat_gmail_compte_id FOREIGN KEY (user_id) REFERENCES public.chat_gmail_compte(id) DEFERRABLE INITIALLY DEFERRED;


--
-- Name: django_admin_log django_admin_log_content_type_id_c4bce8eb_fk_django_co; Type: FK CONSTRAINT; Schema: public; Owner: postgres
--

ALTER TABLE ONLY public.django_admin_log
    ADD CONSTRAINT django_admin_log_content_type_id_c4bce8eb_fk_django_co FOREIGN KEY (content_type_id) REFERENCES public.django_content_type(id) DEFERRABLE INITIALLY DEFERRED;


--
-- Name: django_admin_log django_admin_log_user_id_c564eba6_fk_auth_user_id; Type: FK CONSTRAINT; Schema: public; Owner: postgres
--

ALTER TABLE ONLY public.django_admin_log
    ADD CONSTRAINT django_admin_log_user_id_c564eba6_fk_auth_user_id FOREIGN KEY (user_id) REFERENCES public.auth_user(id) DEFERRABLE INITIALLY DEFERRED;


--
-- PostgreSQL database dump complete
--

